0,N206,-12298.694329729246
1,N321,-12298.694329729246
2,N347,-12298.694329729246
3,N192,-12298.694329729246
4,N347,-12298.694329729246
5,N256,-12298.694329729246
6,N226,-12298.694329729246
7,N354,-12298.694329729246
8,N199,-12298.694329729246
9,N365,-12298.694329729246
10,N234,-12298.694329729246
11,N199,-12298.694329729246
12,N302,-12298.694329729246
13,N321,-12298.694329729246
14,N369,-12298.694329729246
15,N210,-12298.694329729246
16,N345,-12298.694329729246
17,N226,-12298.694329729246
18,N199,-12298.694329729246
19,N328,-12298.694329729246
20,N323,-12298.694329729246
21,N337,-12298.694329729246
22,N196,-12298.694329729246
23,N305,-12298.694329729246
24,N258,-12298.694329729246
25,N253,-12298.694329729246
26,N315,-12298.694329729246
27,N367,-12298.694329729246
28,N195,-12298.694329729246
29,N322,-12298.694329729246
30,N238,-12298.694329729246
31,N375,-12298.694329729246
32,N299,-12298.694329729246
33,N372,-12298.694329729246
34,N259,-12298.694329729246
35,N240,-12298.694329729246
36,N251,-12298.694329729246
37,N296,-12298.694329729246
38,N309,-12298.694329729246
39,N233,-12298.694329729246
40,N378,-12298.694329729246
41,N203,-12297.92599304765
42,N193,-12297.92599304765
43,N225,-12297.92599304765
44,N256,-12297.92599304765
45,N281,-12297.92599304765
46,N379,-12297.92599304765
47,N316,-12297.92599304765
48,N233,-12297.92599304765
49,N193,-12297.92599304765
50,N295,-12297.92599304765
51,N253,-12297.92599304765
52,N308,-12297.92599304765
53,N368,-12297.92599304765
54,N216,-12297.92599304765
55,N274,-12297.92599304765
56,N339,-12297.92599304765
57,N270,-12297.913503612594
58,N287,-12297.913503612594
59,N257,-12297.913503612594
60,N277,-12297.913503612594
61,N313,-12297.913503612594
62,N203,-12297.913503612594
63,N339,-12297.913503612594
64,N374,-12297.913503612594
65,N375,-12297.913503612594
66,N235,-12297.913503612594
67,N250,-12297.913503612594
68,N292,-12297.913503612594
69,N252,-12297.913503612594
70,N316,-12297.913503612594
71,N220,-12297.913503612594
72,N197,-12297.913503612594
73,N327,-12297.913503612594
74,N371,-12297.913503612594
75,N304,-12297.913503612594
76,N315,-12297.913503612594
77,N309,-12297.913503612594
78,N263,-12297.913503612594
79,N322,-12297.913503612594
80,N365,-12297.913503612594
81,N305,-12297.913503612594
82,N316,-12297.913503612594
83,N276,-12297.913503612594
84,N296,-12297.913503612594
85,N274,-12297.913503612594
86,N201,-12297.913503612594
87,N278,-12297.913503612594
88,N360,-12297.913503612594
89,N207,-12297.913503612594
90,N342,-12297.913503612594
91,N224,-12297.913503612594
92,N286,-12297.913503612594
93,N213,-12297.913503612594
94,N308,-12297.913503612594
95,N380,-12283.53809056129
96,N248,-12283.53809056129
97,N256,-12283.53809056129
98,N306,-12283.53809056129
99,N346,-12283.53809056129
100,N369,-12283.53809056129
101,N292,-12283.53809056129
102,N236,-12283.53809056129
103,N252,-12283.53809056129
104,N194,-12283.53809056129
105,N254,-12283.53809056129
106,N245,-12283.53809056129
107,N212,-12283.53809056129
108,N229,-12283.516857053593
109,N238,-12283.516857053593
110,N309,-12283.516857053593
111,N304,-12283.516857053593
112,N282,-12283.516857053593
113,N224,-12283.516857053593
114,N338,-12283.516857053593
115,N328,-12283.516857053593
116,N364,-12283.516857053593
117,N303,-12283.516857053593
118,N325,-12283.516857053593
119,N260,-12283.516857053593
120,N261,-12283.516857053593
121,N351,-12283.40601809281
122,N265,-12283.40601809281
123,N208,-12283.40601809281
124,N250,-12283.40601809281
125,N267,-12283.40601809281
126,N216,-12283.40601809281
127,N239,-12283.40601809281
128,N222,-12283.40601809281
129,N223,-12283.40601809281
130,N203,-12283.40601809281
131,N286,-12283.40601809281
132,N223,-12283.40601809281
133,N259,-12283.40601809281
134,N303,-12283.40601809281
135,N355,-12283.40601809281
136,N222,-12283.40601809281
137,N285,-12283.40601809281
138,N206,-12283.40601809281
139,N355,-12283.40601809281
140,N293,-12283.40601809281
141,N288,-12283.40601809281
142,N269,-12283.40601809281
143,N255,-12283.40601809281
144,N211,-12283.40601809281
145,N299,-12283.40601809281
146,N333,-12283.40601809281
147,N290,-12283.40601809281
148,N296,-12283.40601809281
149,N241,-12283.40601809281
150,N301,-12283.40601809281
151,N358,-12283.40601809281
152,N280,-12283.40601809281
153,N282,-12283.40601809281
154,N233,-12283.40601809281
155,N235,-12283.40601809281
156,N349,-12283.40601809281
157,N316,-12283.40601809281
158,N287,-12283.40601809281
159,N365,-12283.40601809281
160,N369,-12283.40601809281
161,N334,-12283.40601809281
162,N278,-12283.40601809281
163,N264,-12283.40601809281
164,N313,-12283.40601809281
165,N343,-12283.40601809281
166,N270,-12283.40601809281
167,N370,-12283.40601809281
168,N220,-12283.40601809281
169,N326,-12283.40601809281
170,N275,-12283.40601809281
171,N249,-12283.40601809281
172,N291,-12283.40601809281
173,N279,-12283.40601809281
174,N262,-12283.40601809281
175,N238,-12283.40601809281
176,N311,-12283.40601809281
177,N263,-12283.40601809281
178,N268,-12283.40601809281
179,N365,-12283.40601809281
180,N222,-12283.40601809281
181,N203,-12283.40601809281
182,N258,-12283.40601809281
183,N192,-12283.40601809281
184,N201,-12283.40601809281
185,N201,-12283.40601809281
186,N336,-12283.40601809281
187,N260,-12283.40601809281
188,N231,-12283.40601809281
189,N323,-12283.40601809281
190,N222,-12283.40601809281
191,N204,-12283.40601809281
192,N330,-12283.40601809281
193,N194,-12283.40601809281
194,N302,-12283.40601809281
195,N307,-12283.40601809281
196,N282,-12283.40601809281
197,N312,-12283.40601809281
198,N314,-12283.40601809281
199,N353,-12283.40601809281
200,N262,-12283.40601809281
201,N341,-12283.40601809281
202,N265,-12283.40601809281
203,N208,-12283.40601809281
204,N252,-12283.40601809281
205,N366,-12283.40601809281
206,N287,-12283.40601809281
207,N323,-12283.40601809281
208,N363,-12283.40601809281
209,N279,-12283.40601809281
210,N265,-12283.40601809281
211,N199,-12283.40601809281
212,N295,-12283.40601809281
213,N347,-12283.40601809281
214,N246,-12283.40601809281
215,N287,-12283.40601809281
216,N263,-12283.40601809281
217,N263,-12283.40601809281
218,N192,-12283.40601809281
219,N328,-12283.40601809281
220,N219,-12283.40601809281
221,N195,-12283.40601809281
222,N236,-12283.40601809281
223,N281,-12283.40601809281
224,N223,-12283.40601809281
225,N246,-12283.40601809281
226,N244,-12283.40601809281
227,N220,-12283.40601809281
228,N312,-12283.40601809281
229,N194,-12283.40601809281
230,N204,-12283.40601809281
231,N379,-12283.40601809281
232,N303,-12283.40601809281
233,N327,-12283.40601809281
234,N272,-12283.40601809281
235,N226,-12283.40601809281
236,N339,-12283.40601809281
237,N319,-12283.40601809281
238,N348,-12283.40601809281
239,N246,-12283.40601809281
240,N352,-12283.40601809281
241,N308,-12283.40601809281
242,N324,-12283.40601809281
243,N373,-12283.40601809281
244,N239,-12283.40601809281
245,N350,-12283.40601809281
246,N272,-12283.40601809281
247,N251,-12283.40601809281
248,N344,-12283.40601809281
249,N283,-12283.40601809281
250,N361,-12283.40601809281
251,N282,-12283.40601809281
252,N259,-12283.40601809281
253,N311,-12283.40601809281
254,N262,-12283.40601809281
255,N270,-12283.40601809281
256,N281,-12283.40601809281
257,N251,-12283.40601809281
258,N267,-12283.40601809281
259,N249,-12283.40601809281
260,N307,-12283.40601809281
261,N225,-12283.40601809281
262,N292,-12283.40601809281
263,N378,-12283.40601809281
264,N228,-12283.40601809281
265,N306,-12283.40601809281
266,N348,-12283.40601809281
267,N248,-12283.40601809281
268,N200,-12283.40601809281
269,N342,-12283.40601809281
270,N240,-12283.40601809281
271,N352,-12283.40601809281
272,N347,-12283.40601809281
273,N311,-12283.40601809281
274,N215,-12283.40601809281
275,N218,-12283.40601809281
276,N317,-12283.40601809281
277,N272,-12283.40601809281
278,N363,-12283.40601809281
279,N286,-12283.40601809281
280,N253,-12283.40601809281
281,N198,-12283.40601809281
282,N335,-12283.40601809281
283,N204,-12283.40601809281
284,N254,-12283.40601809281
285,N288,-12283.40601809281
286,N259,-12283.40601809281
287,N249,-12283.40601809281
288,N354,-12283.40601809281
289,N302,-12283.40601809281
290,N378,-12283.40601809281
291,N277,-12283.40601809281
292,N211,-12283.40601809281
293,N373,-12283.40601809281
294,N344,-12283.40601809281
295,N207,-12283.40601809281
296,N237,-12283.40601809281
297,N277,-12283.40601809281
298,N237,-12283.40601809281
299,N354,-12283.40601809281
300,N300,-12283.40601809281
301,N305,-12283.40601809281
302,N255,-12283.40601809281
303,N374,-12283.40601809281
304,N274,-12283.40601809281
305,N298,-12283.40601809281
306,N228,-12283.40601809281
307,N254,-12283.40601809281
308,N354,-12283.40601809281
309,N304,-12283.40601809281
310,N304,-12283.40601809281
311,N353,-12283.40601809281
312,N195,-12283.40601809281
313,N360,-12283.40601809281
314,N348,-12283.40601809281
315,N294,-12283.40601809281
316,N232,-12283.40601809281
317,N340,-12283.40601809281
318,N367,-12283.40601809281
319,N240,-12283.40601809281
320,N340,-12283.40601809281
321,N367,-12283.40601809281
322,N214,-12283.40601809281
323,N375,-12283.40601809281
324,N294,-12283.40601809281
325,N324,-12283.40601809281
326,N280,-12283.40601809281
327,N263,-12283.40601809281
328,N314,-12283.40601809281
329,N243,-12283.40601809281
330,N212,-12283.40601809281
331,N321,-12283.40601809281
332,N380,-12283.40601809281
333,N319,-12283.40601809281
334,N306,-12283.40601809281
335,N376,-12283.40601809281
336,N229,-12283.40601809281
337,N333,-12283.40601809281
338,N357,-12283.40601809281
339,N368,-12283.40601809281
340,N376,-12283.40601809281
341,N376,-12283.40601809281
342,N377,-12283.40601809281
343,N224,-12283.40601809281
344,N318,-12283.40601809281
345,N335,-12283.40601809281
346,N339,-12283.40601809281
347,N305,-12283.40601809281
348,N327,-12283.40601809281
349,N313,-12283.40601809281
350,N299,-12283.40601809281
351,N202,-12283.40601809281
352,N301,-12283.40601809281
353,N285,-12283.40601809281
354,N264,-12283.40601809281
355,N198,-12283.40601809281
356,N376,-12283.40601809281
357,N205,-12283.40601809281
358,N304,-12283.40601809281
359,N284,-12283.40601809281
360,N373,-12283.40601809281
361,N380,-12283.40601809281
362,N358,-12283.40601809281
363,N374,-12283.40601809281
364,N309,-12283.40601809281
365,N259,-12283.40601809281
366,N319,-12283.40601809281
367,N244,-12283.40601809281
368,N366,-12283.40601809281
369,N362,-12283.40601809281
370,N358,-12283.40601809281
371,N356,-12283.40601809281
372,N283,-12283.40601809281
373,N236,-12283.40601809281
374,N312,-12283.40601809281
375,N346,-12283.40601809281
376,N268,-12283.40601809281
377,N353,-12283.40601809281
378,N295,-12283.40601809281
379,N284,-12283.40601809281
380,N205,-12283.40601809281
381,N316,-12283.40601809281
382,N264,-12283.40601809281
383,N275,-12283.40601809281
384,N379,-12283.40601809281
385,N377,-12283.40601809281
386,N310,-12283.40601809281
387,N244,-12283.40601809281
388,N300,-12283.40601809281
389,N355,-12283.40601809281
390,N346,-12283.40601809281
391,N223,-12283.40601809281
392,N230,-12283.40601809281
393,N298,-12283.40601809281
394,N301,-12283.40601809281
395,N233,-12283.40601809281
396,N245,-12283.40601809281
397,N344,-12283.40601809281
398,N288,-12283.40601809281
399,N361,-12283.40601809281
400,N317,-12283.40601809281
401,N314,-12283.40601809281
402,N261,-12283.40601809281
403,N208,-12283.40601809281
404,N326,-12283.40601809281
405,N298,-12283.40601809281
406,N290,-12283.40601809281
407,N308,-12283.40601809281
408,N331,-12283.40601809281
409,N363,-12283.40601809281
410,N198,-12283.40601809281
411,N364,-12283.40601809281
412,N380,-12283.40601809281
413,N368,-12283.40601809281
414,N320,-12283.40601809281
415,N221,-12283.40601809281
416,N364,-12283.40601809281
417,N323,-12283.40601809281
418,N230,-12283.40601809281
419,N244,-12283.40601809281
420,N250,-12283.40601809281
421,N380,-12283.40601809281
422,N194,-12283.40601809281
423,N274,-12283.40601809281
424,N370,-12283.40601809281
425,N375,-12283.40601809281
426,N200,-12283.40601809281
427,N237,-12283.40601809281
428,N366,-12283.40601809281
429,N301,-12283.40601809281
430,N318,-12283.40601809281
431,N294,-12283.40601809281
432,N206,-12283.40601809281
433,N209,-12283.40601809281
434,N197,-12283.40601809281
435,N213,-12283.40601809281
436,N318,-12283.40601809281
437,N289,-12283.40601809281
438,N225,-12283.40601809281
439,N269,-12283.40601809281
440,N229,-12283.40601809281
441,N354,-12283.40601809281
442,N293,-12283.40601809281
443,N243,-12283.40601809281
444,N224,-12283.40601809281
445,N205,-12283.40601809281
446,N219,-12283.40601809281
447,N237,-12283.40601809281
448,N349,-12283.40601809281
449,N232,-12283.40601809281
450,N213,-12283.40601809281
451,N320,-12283.40601809281
452,N331,-12283.40601809281
453,N265,-12283.40601809281
454,N289,-12283.40601809281
455,N243,-12283.40601809281
456,N200,-12283.40601809281
457,N192,-12283.40601809281
458,N248,-12283.40601809281
459,N210,-12283.40601809281
460,N275,-12283.40601809281
461,N260,-12283.40601809281
462,N369,-12283.40601809281
463,N313,-12283.40601809281
464,N360,-12283.40601809281
465,N214,-12283.40601809281
466,N240,-12283.40601809281
467,N296,-12283.40601809281
468,N261,-12283.40601809281
469,N350,-12283.40601809281
470,N334,-12283.40601809281
471,N273,-12283.40601809281
472,N312,-12283.40601809281
473,N235,-12283.40601809281
474,N218,-12283.40601809281
475,N361,-12283.40601809281
476,N234,-12283.40601809281
477,N310,-12283.40601809281
478,N241,-12283.40601809281
479,N330,-12283.40601809281
480,N325,-12283.40601809281
481,N356,-12283.40601809281
482,N243,-12283.40601809281
483,N222,-12283.40601809281
484,N368,-12283.40601809281
485,N329,-12283.40601809281
486,N202,-12283.40601809281
487,N253,-12283.40601809281
488,N202,-12283.40601809281
489,N213,-12283.40601809281
490,N377,-12283.40601809281
491,N273,-12283.40601809281
492,N245,-12283.40601809281
493,N258,-12283.40601809281
494,N247,-12283.40601809281
495,N232,-12283.40601809281
496,N227,-12283.40601809281
497,N328,-12283.40601809281
498,N342,-12283.40601809281
499,N196,-12283.40601809281
500,N343,-12283.40601809281
501,N235,-12283.40601809281
502,N255,-12283.40601809281
503,N355,-12283.40601809281
504,N338,-12283.40601809281
505,N335,-12283.40601809281
506,N200,-12283.40601809281
507,N352,-12283.40601809281
508,N231,-12283.40601809281
509,N217,-12283.40601809281
510,N276,-12283.40601809281
511,N325,-12283.40601809281
512,N346,-12283.40601809281
513,N366,-12283.40601809281
514,N359,-12283.40601809281
515,N201,-12283.40601809281
516,N193,-12283.40601809281
517,N353,-12283.40601809281
518,N344,-12283.40601809281
519,N221,-12283.40601809281
520,N196,-12283.40601809281
521,N250,-12283.40601809281
522,N312,-12283.40601809281
523,N357,-12283.40601809281
524,N201,-12283.40601809281
525,N219,-12283.40601809281
526,N289,-12283.40601809281
527,N271,-12283.40601809281
528,N295,-12283.40601809281
529,N207,-12283.40601809281
530,N340,-12283.40601809281
531,N318,-12283.40601809281
532,N315,-12283.40601809281
533,N238,-12283.40601809281
534,N293,-12283.40601809281
535,N209,-12283.40601809281
536,N326,-12283.40601809281
537,N196,-12283.40601809281
538,N360,-12283.40601809281
539,N215,-12283.40601809281
540,N349,-12283.40601809281
541,N200,-12283.40601809281
542,N338,-12283.40601809281
543,N203,-12283.40601809281
544,N193,-12283.40601809281
545,N286,-12283.40601809281
546,N210,-12283.40601809281
547,N271,-12283.40601809281
548,N359,-12283.40601809281
549,N307,-12283.40601809281
550,N324,-12283.40601809281
551,N299,-12283.40601809281
552,N280,-12283.40601809281
553,N266,-12283.40601809281
554,N332,-12283.40601809281
555,N336,-12283.40601809281
556,N292,-12283.40601809281
557,N337,-12283.40601809281
558,N341,-12283.40601809281
559,N351,-12283.40601809281
560,N227,-12283.40601809281
561,N284,-12283.40601809281
562,N317,-12283.40601809281
563,N239,-12283.40601809281
564,N322,-12283.40601809281
565,N283,-12283.40601809281
566,N246,-12283.40601809281
567,N268,-12283.40601809281
568,N297,-12283.40601809281
569,N211,-12283.40601809281
570,N329,-12283.40601809281
571,N242,-12283.40601809281
572,N345,-12283.40601809281
573,N351,-12283.40601809281
574,N362,-12283.40601809281
575,N342,-12283.40601809281
576,N340,-12283.40601809281
577,N270,-12283.40601809281
578,N334,-12283.40601809281
579,N336,-12283.40601809281
580,N325,-12283.40601809281
581,N217,-12283.40601809281
582,N373,-12283.40601809281
583,N338,-12283.40601809281
584,N350,-12283.40601809281
585,N322,-12283.40601809281
586,N215,-12283.40601809281
587,N227,-12283.40601809281
588,N224,-12283.40601809281
589,N376,-12283.40601809281
590,N220,-12283.40601809281
591,N241,-12283.40601809281
592,N216,-12283.40601809281
593,N219,-12283.40601809281
594,N245,-12283.40601809281
595,N252,-12283.40601809281
596,N351,-12283.40601809281
597,N364,-12283.40601809281
598,N252,-12283.40601809281
599,N276,-12283.40601809281
600,N317,-12283.40601809281
601,N281,-12283.40601809281
602,N318,-12283.40601809281
603,N332,-12283.40601809281
604,N204,-12283.40601809281
605,N359,-12283.40601809281
606,N195,-12283.40601809281
607,N305,-12283.40601809281
608,N211,-12283.40601809281
609,N202,-12283.40601809281
610,N326,-12283.40601809281
611,N367,-12283.40601809281
612,N308,-12283.40601809281
613,N339,-12283.40601809281
614,N306,-12283.40601809281
615,N315,-12283.40601809281
616,N279,-12283.40601809281
617,N257,-12283.40601809281
618,N322,-12283.40601809281
619,N360,-12283.40601809281
620,N232,-12283.40601809281
621,N241,-12283.40601809281
622,N266,-12283.40601809281
623,N229,-12283.40601809281
624,N299,-12283.40601809281
625,N347,-12283.40601809281
626,N275,-12283.40601809281
627,N209,-12283.40601809281
628,N345,-12283.40601809281
629,N240,-12283.40601809281
630,N204,-12283.40601809281
631,N251,-12283.40601809281
632,N365,-12283.40601809281
633,N348,-12283.40601809281
634,N225,-12283.40601809281
635,N198,-12283.40601809281
636,N342,-12283.40601809281
637,N261,-12283.40601809281
638,N262,-12283.40601809281
639,N372,-12283.40601809281
640,N289,-12283.40601809281
641,N246,-12283.40601809281
642,N239,-12283.40601809281
643,N331,-12283.40601809281
644,N336,-12283.40601809281
645,N279,-12283.40601809281
646,N361,-12283.40601809281
647,N196,-12283.40601809281
648,N230,-12283.40601809281
649,N228,-12283.40601809281
650,N227,-12283.40601809281
651,N362,-12283.40601809281
652,N291,-12283.40601809281
653,N234,-12283.40601809281
654,N260,-12283.40601809281
655,N242,-12283.40601809281
656,N197,-12283.40601809281
657,N267,-12283.40601809281
658,N334,-12283.40601809281
659,N236,-12283.40601809281
660,N319,-12283.40601809281
661,N268,-12283.40601809281
662,N214,-12283.40601809281
663,N374,-12283.40601809281
664,N361,-12283.40601809281
665,N352,-12283.40601809281
666,N230,-12283.40601809281
667,N287,-12283.40601809281
668,N206,-12283.40601809281
669,N300,-12283.40601809281
670,N255,-12283.40601809281
671,N317,-12283.40601809281
672,N320,-12283.40601809281
673,N273,-12283.40601809281
674,N233,-12283.40601809281
675,N362,-12283.40601809281
676,N285,-12283.40601809281
677,N247,-12283.40601809281
678,N341,-12283.40601809281
679,N239,-12283.40601809281
680,N290,-12283.40601809281
681,N284,-12283.40601809281
682,N310,-12283.40601809281
683,N269,-12283.40601809281
684,N314,-12283.40601809281
685,N348,-12283.40601809281
686,N228,-12283.40601809281
687,N215,-12283.40601809281
688,N269,-12283.40601809281
689,N343,-12283.40601809281
690,N207,-12283.40601809281
691,N370,-12283.40601809281
692,N266,-12283.40601809281
693,N298,-12283.40601809281
694,N329,-12283.40601809281
695,N337,-12283.40601809281
696,N265,-12283.40601809281
697,N294,-12283.40601809281
698,N205,-12283.40601809281
699,N311,-12283.40601809281
700,N296,-12283.40601809281
701,N321,-12283.40601809281
702,N378,-12283.40601809281
703,N238,-12283.40601809281
704,N310,-12283.40601809281
705,N359,-12283.40601809281
706,N319,-12283.40601809281
707,N332,-12283.40601809281
708,N206,-12283.40601809281
709,N286,-12283.40601809281
710,N248,-12283.40601809281
711,N289,-12283.40601809281
712,N226,-12283.40601809281
713,N212,-12283.40601809281
714,N232,-12283.40601809281
715,N356,-12283.40601809281
716,N300,-12283.40601809281
717,N309,-12283.40601809281
718,N269,-12283.40601809281
719,N310,-12283.40601809281
720,N370,-12283.40601809281
721,N275,-12283.40601809281
722,N330,-12283.40601809281
723,N199,-12283.40601809281
724,N330,-12283.40601809281
725,N278,-12283.40601809281
726,N349,-12283.40601809281
727,N247,-12283.40601809281
728,N341,-12283.40601809281
729,N329,-12283.40601809281
730,N337,-12283.40601809281
731,N273,-12283.40601809281
732,N264,-12283.40601809281
733,N231,-12283.40601809281
734,N220,-12283.40601809281
735,N371,-12283.40601809281
736,N214,-12283.40601809281
737,N285,-12283.40601809281
738,N283,-12283.40601809281
739,N307,-12283.40601809281
740,N297,-12283.40601809281
741,N221,-12283.40601809281
742,N378,-12283.40601809281
743,N314,-12283.40601809281
744,N377,-12283.40601809281
745,N345,-12283.40601809281
746,N231,-12283.40601809281
747,N333,-12283.40601809281
748,N291,-12283.40601809281
749,N311,-12283.40601809281
750,N375,-12283.40601809281
751,N343,-12283.40601809281
752,N212,-12283.40601809281
753,N208,-12283.40601809281
754,N350,-12283.40601809281
755,N358,-12283.40601809281
756,N280,-12283.40601809281
757,N207,-12283.40601809281
758,N290,-12283.40601809281
759,N230,-12283.40601809281
760,N210,-12283.40601809281
761,N247,-12283.40601809281
762,N271,-12283.40601809281
763,N363,-12283.40601809281
764,N216,-12283.40601809281
765,N242,-12283.40601809281
766,N211,-12283.40601809281
767,N288,-12283.40601809281
768,N302,-12283.40601809281
769,N344,-12283.40601809281
770,N255,-12283.40601809281
771,N293,-12283.40601809281
772,N242,-12283.40601809281
773,N249,-12283.40601809281
774,N242,-12283.40601809281
775,N213,-12283.40601809281
776,N258,-12283.40601809281
777,N345,-12283.40601809281
778,N279,-12283.40601809281
779,N229,-12283.40601809281
780,N219,-12283.40601809281
781,N358,-12283.40601809281
782,N280,-12283.40601809281
783,N370,-12283.40601809281
784,N320,-12283.40601809281
785,N282,-12283.40601809281
786,N313,-12283.40601809281
787,N256,-12283.40601809281
788,N268,-12283.40601809281
789,N368,-12283.40601809281
790,N212,-12283.40601809281
791,N258,-12283.40601809281
792,N231,-12283.40601809281
793,N285,-12283.40601809281
794,N243,-12283.40601809281
795,N205,-12283.40601809281
796,N247,-12283.40601809281
797,N228,-12283.40601809281
798,N372,-12283.40601809281
799,N257,-12283.40601809281
800,N234,-12283.40601809281
801,N266,-12283.40601809281
802,N251,-12283.40601809281
803,N278,-12283.40601809281
804,N290,-12283.40601809281
805,N264,-12283.40601809281
806,N293,-12283.40601809281
807,N281,-12283.40601809281
808,N271,-12283.40601809281
809,N379,-12283.40601809281
810,N260,-12283.40601809281
811,N371,-12283.40601809281
812,N278,-12283.40601809281
813,N221,-12283.40601809281
814,N357,-12283.40601809281
815,N218,-12283.40601809281
816,N303,-12283.40601809281
817,N276,-12283.40601809281
818,N337,-12283.40601809281
819,N372,-12283.40601809281
820,N257,-12283.40601809281
821,N324,-12283.40601809281
822,N245,-12283.40601809281
823,N359,-12283.40601809281
824,N193,-12283.40601809281
825,N303,-12283.40601809281
826,N234,-12283.40601809281
827,N301,-12283.40601809281
828,N254,-12283.40601809281
829,N225,-12283.40601809281
830,N353,-12283.40601809281
831,N218,-12283.40601809281
832,N237,-12283.40601809281
833,N320,-12283.40601809281
834,N324,-12283.40601809281
835,N379,-12283.40601809281
836,N306,-12283.40601809281
837,N217,-12283.40601809281
838,N288,-12283.40601809281
839,N195,-12283.40601809281
840,N357,-12283.40601809281
841,N291,-12283.40601809281
842,N208,-12283.40601809281
843,N351,-12283.40601809281
844,N336,-12283.40601809281
845,N307,-12283.40601809281
846,N338,-12283.40601809281
847,N292,-12283.40601809281
848,N197,-12283.40601809281
849,N277,-12283.40601809281
850,N198,-12283.40601809281
851,N366,-12283.40601809281
852,N209,-12283.40601809281
853,N236,-12283.40601809281
854,N194,-12283.40601809281
855,N273,-12283.40601809281
856,N331,-12283.40601809281
857,N276,-12283.40601809281
858,N346,-12283.40601809281
859,N371,-12283.40601809281
860,N372,-12283.40601809281
861,N302,-12283.40601809281
862,N333,-12283.40601809281
863,N349,-12283.40601809281
864,N328,-12283.40601809281
865,N297,-12283.40601809281
866,N210,-12283.40601809281
867,N315,-12283.40601809281
868,N327,-12283.40601809281
869,N250,-12283.40601809281
870,N362,-12283.40601809281
871,N373,-12283.40601809281
872,N216,-12283.40601809281
873,N297,-12283.40601809281
874,N267,-12283.40601809281
875,N249,-12283.40601809281
876,N356,-12283.40601809281
877,N350,-12283.40601809281
878,N218,-12283.40601809281
879,N330,-12283.40601809281
880,N261,-12283.40601809281
881,N284,-12283.40601809281
882,N364,-12283.40601809281
883,N271,-12283.40601809281
884,N248,-12283.40601809281
885,N340,-12283.40601809281
886,N323,-12283.40601809281
887,N272,-12283.40601809281
888,N253,-12283.40601809281
889,N215,-12283.40601809281
890,N209,-12283.40601809281
891,N377,-12283.40601809281
892,N227,-12283.40601809281
893,N214,-12283.40601809281
894,N256,-12283.40601809281
895,N202,-12283.40601809281
896,N217,-12283.40601809281
897,N331,-12283.40601809281
898,N295,-12283.40601809281
899,N267,-12283.40601809281
900,N226,-12283.40601809281
901,N352,-12283.40601809281
902,N266,-12283.40601809281
903,N283,-12283.40601809281
904,N221,-12283.40601809281
905,N363,-12283.40601809281
906,N329,-12283.40601809281
907,N294,-12283.40601809281
908,N335,-12283.40601809281
909,N254,-12283.40601809281
910,N291,-12283.40601809281
911,N223,-12283.40601809281
912,N332,-12283.40601809281
913,N371,-12283.40601809281
914,N197,-12283.40601809281
915,N257,-12283.40601809281
916,N321,-12283.40601809281
917,N356,-12283.40601809281
918,N244,-12283.40601809281
919,N300,-12283.40601809281
920,N357,-12283.40601809281
921,N355,-12283.40601809281
922,N367,-12283.40601809281
923,N262,-12283.40601809281
924,N369,-12283.40601809281
925,N241,-12283.40601809281
926,N270,-12283.40601809281
927,N374,-12283.40601809281
928,N217,-12283.40601809281
929,N298,-12283.40601809281
930,N277,-12283.40601809281
931,N327,-12283.40601809281
932,N274,-12283.40601809281
933,N334,-12283.40601809281
934,N343,-12283.40601809281
935,N235,-12283.40601809281
936,N332,-12283.40601809281
937,N341,-12283.40601809281
938,N297,-12283.40601809281
939,N335,-12283.40601809281
940,N192,-12283.40601809281
941,N326,-12283.40601809281
942,N333,-12283.40601809281
943,N272,-12283.40601809281
944,N325,-12283.40601809281
